cutoff,start,end,startT,endT,dur,xpos,ypos,flankdataloss,fracinterped,RMSxy,BCEA,fixRangeX,fixRangeY,participant
0.9106703538759566,11,51,36.627000000094995,173.26799999992363,136.64099999982864,88.95967483520508,-106.03574752807617,1.0,0.0,0.651002910246218,0.3707015266750271,0.38104204926205143,2.2140520309007714,Adult2
0.9106703538759566,59,141,196.66699999989942,473.2720000001136,276.6050000002142,-8.713073730468807,-75.47691106796265,0.0,0.0,0.7212183568131515,0.937292677131086,1.0030601848548513,3.163684347489885,Adult2
0.9106703538759566,144,661,479.877000000095,2206.3850000000093,1726.5079999999143,12.153253555297908,28.767246901988983,0.0,0.0,1.437248939640713,7.764369852768326,3.690026046940704,6.952466856401066,Adult2
0.9106703538759566,719,734,2396.30700000003,2449.6089999999385,53.30199999990873,226.14320755004883,-21.00613832473755,1.0,0.0,2.374447259248106,4.461428192560353,1.646885197476919,5.125415775394558,Adult2
0.9106703538759566,736,1051,2452.966000000015,3506.1729999999516,1053.2069999999367,-15.348215103149442,19.75842833518982,0.0,0.0,1.3288227766634546,8.986761249514725,3.8072395152183067,8.843641470305371,Adult2
0.9106703538759566,1055,1253,3516.2350000001024,4179.499000000069,663.2639999999665,74.09946441650379,-46.094008684158354,0.0,0.0,0.7752149687882041,1.0756566563881544,1.5255427429790467,4.154350595657105,Adult2
0.9106703538759566,1264,1296,4212.746999999974,4322.719000000041,109.97200000006706,832.2713470458983,11.938249468803406,0.0,0.0,0.8625975145117751,1.923436472842944,2.528481251102662,2.377524008972938,Adult2
0.9106703538759566,1301,1408,4336.0490000001155,4696.071999999927,360.0229999998119,662.8917789459229,51.738250851631165,0.0,0.0,0.9126075096299109,1.1708849263282337,1.5607287120160853,4.106973261633327,Adult2
0.9106703538759566,1412,1908,4706.034999999916,6362.476000000024,1656.441000000108,581.646022796631,52.753413319587736,0.0,0.0,0.7696561354625194,1.1015898148109091,1.1703135431283633,4.4325017229468875,Adult2
0.9106703538759566,1936,2021,6452.503000000026,6739.172999999952,286.6699999999255,599.1540813446045,-10.324136316776276,0.0,0.09302325581395349,0.6584199352028911,1.0307845267791693,1.292744402672641,3.43753671776304,Adult2
0.9106703538759566,2034,2088,6779.137000000104,6962.462999999989,183.32599999988452,-245.27615547180176,21.511611342430115,0.0,0.0,1.0680714922078756,2.8743054603153486,2.395421728519232,6.203199638202484,Adult2
0.9106703538759566,2145,2297,7149.046000000089,7658.986999999965,509.9409999998752,-153.05402755737305,91.9345486164093,0.0,0.0,1.1354765015407755,1.2625783484995101,1.8989017757833044,5.137416268366091,Adult2
0.9106703538759566,2341,2667,7802.3300000000745,8892.242000000086,1089.9120000000112,13.27308654785162,119.19605433940887,0.0,0.0,0.722088174880307,0.6774477868014774,0.9769946222324667,4.875334241533006,Adult2
0.9106703538759566,2676,2744,8918.894000000088,9148.801999999909,229.9079999998212,-423.6921501159668,122.73906469345093,0.0,0.0,0.5303387653869714,1.142581011713537,2.42205723297335,2.751892682868116,Adult2
0.9106703538759566,2752,2864,9172.193999999901,9548.790999999968,376.59700000006706,-805.7703709602356,101.50029838085175,0.0,0.0,0.4867859718573559,0.5019578110512622,1.5506415772862594,2.3373911203317443,Adult2
0.9106703538759566,2872,2938,9572.094000000041,9795.392999999924,223.29899999988265,-669.1744995117188,95.16385316848755,0.0,0.0,0.5234626162206035,0.38103976656474275,0.7244692747366991,1.8970492559072152,Adult2
0.9106703538759566,2940,2978,9798.733999999939,9928.745000000112,130.01100000017323,-658.4428024291992,144.6763265132904,0.0,0.0,0.7234540359848394,0.4817788063374898,0.7973787074997443,2.042019016743963,Adult2
0.9106703538759566,2981,3130,9935.35400000005,10435.344999999972,499.99099999992177,-685.37264585495,54.18160915374756,0.0,0.0,0.7631107569551985,0.645940650433676,0.9230370089122779,4.016754645299058,Adult2
0.9106703538759566,3142,3272,10471.955000000075,10908.591000000015,436.6359999999404,-753.3325839042664,66.81735634803772,0.0,0.0,0.5510934508555448,0.7541110813711376,1.1641162196155141,2.384536424517427,Adult2
0.9106703538759566,3278,3323,10925.269000000088,11078.556000000099,153.28700000001118,-655.3471755981445,82.33459264039993,0.0,0.0,0.4512254957952177,0.4574361419944124,0.9327731530712449,1.4055261971471957,Adult2
0.9106703538759566,3325,3574,11081.929000000004,11915.181000000099,833.252000000095,-656.0927724838257,24.359763264656067,0.0,0.012,0.40581982649349824,0.4862995160278886,1.228682606509179,2.222424660261124,Adult2
0.9106703538759566,3581,3740,11935.138999999966,12468.389999999898,533.2509999999311,-721.6329681873322,21.600325405597687,0.0,0.0,0.45407034435320304,0.4748285022139443,1.1533406419516956,1.95461785186351,Adult2
0.9106703538759566,3747,3898,12488.415999999968,12995.017999999924,506.6019999999553,-606.4620065689087,13.918114006519318,0.0,0.0,0.5365220151227809,0.3189528566030142,0.7006584086861812,1.9079768459158903,Adult2
0.9106703538759566,3905,3973,13015.061999999918,13244.965000000084,229.90300000016578,-521.4477396011353,47.86516785621643,0.0,0.0,0.434596308486727,0.26531496299268675,0.5807008626979087,1.5645978816447361,Adult2
0.9106703538759566,4057,4090,13521.665000000037,13634.992000000086,113.32700000004843,-427.20211029052734,38.86207044124603,0.0,0.0,0.8837052162352147,1.2349622725853426,1.0720161266830595,3.6471540529552597,Adult2
0.9106703538759566,4093,4122,13641.597000000067,13741.594000000041,99.99699999997392,-555.6114649772644,150.8770090341568,0.0,0.0,0.8398037578100572,1.1881352307290194,1.1471093893503324,2.970446739409574,Adult2
0.9106703538759566,4125,4188,13748.235000000102,13961.543000000063,213.30799999996088,-481.9031882286072,102.59463965892792,0.0,0.0,1.0134859384967747,2.2504572175708955,1.383572071216536,5.235741638703286,Adult2
0.9106703538759566,4194,4386,13978.21399999992,14621.462000000058,643.2480000001378,-565.7103109359741,53.79649758338928,0.0,0.0,0.6269827606009648,0.7556315577907806,1.0938554285555375,3.550379559526173,Adult2
0.9106703538759566,4450,4587,14831.418000000063,15291.415999999968,459.997999999905,73.6508560180664,105.64069837331772,1.0,0.0,0.9646024695407023,0.8740719857115445,1.524067914027961,4.151893034892198,Adult2
0.9106703538759566,4591,4685,15301.38500000001,15618.068999999901,316.68399999989197,-33.47125053405762,83.37617218494415,0.0,0.0,0.7324769169931781,0.7116286194737192,0.9802752141014532,3.368648675896458,Adult2
0.9106703538759566,4691,4770,15634.662000000011,15901.266000000061,266.6040000000503,44.47789192199707,60.62299847602846,0.0,0.0,0.7802049988162015,0.5789866973834277,0.9070398615226066,2.6035338573621485,Adult2
0.9106703538759566,4773,4839,15907.98999999999,16131.280999999959,223.29099999996834,-8.444280624389592,74.02917802333832,0.0,0.0,0.5920689727587768,0.5437626699633225,0.8818969026864855,2.3344476883337437,Adult2
0.9106703538759566,4909,5228,16361.25,17427.78600000008,1066.53600000008,12.817325592040959,69.74999785423279,1.0,0.015625,0.6307083098268594,0.8926424931483605,1.2848561403000727,2.4403834117236456,Adult2
0.9106703538759566,5238,5323,17457.773000000045,17744.44200000004,286.6689999999944,498.167781829834,17.06098973751068,0.0,0.0,0.5593036638010083,1.2819638056072722,2.154918978044044,2.90888850884656,Adult2
0.9106703538759566,5330,5473,17764.388000000035,18244.351999999955,479.9639999999199,725.643653869629,-17.0927095413208,0.0,0.0,0.6060017526633301,1.326932869519243,1.3389548184020732,2.923532336878008,Adult2
0.9106703538759566,5480,5552,18264.37000000011,18507.705000000075,243.33499999996275,776.6240501403809,12.253838181495667,0.0,0.0,0.7031396198566646,0.5437739850296639,0.8180660917463278,2.3480776550305023,Adult2
0.9106703538759566,5558,6083,18524.282000000123,20277.45900000003,1753.1769999999087,714.8840618133545,6.030174493789687,0.0,0.0,0.5618319479339848,0.8745353999180581,1.4245296623454815,2.8140232787691843,Adult2
0.9106703538759566,6090,6177,20297.398000000045,20590.67200000002,293.2739999999758,552.6552772521973,45.534494519233704,0.0,0.0,0.5984958473047413,0.5126405482286871,0.6270590287438477,3.1158538595683702,Adult2
0.9106703538759566,6393,6479,21307.351000000024,21597.272000000114,289.9210000000894,595.4766082763672,92.99385488033295,0.0,0.011494252873563218,0.698227876731001,0.7536068202003469,0.9144434226306489,4.739862661605099,Adult2
0.9106703538759566,6482,6736,21603.905000000028,22453.820000000065,849.9150000000373,551.5374755859375,56.96802735328674,0.0,0.0,0.481685385745715,0.508017886756641,1.2866993422121988,2.7859397710718947,Adult2
0.9106703538759566,6745,6964,22480.461000000127,23213.72399999993,733.2629999998026,243.99544715881342,61.525194346904755,0.0,0.0,0.507445065864163,0.4460320845112096,1.0602281919298557,2.9469090610200435,Adult2
0.9106703538759566,6972,7055,23237.027999999933,23517.07899999991,280.05099999997765,-39.8864364624024,73.41687798500061,0.0,0.0,0.7952251946537668,0.7180946420035754,1.2603202280131751,2.6025530894241404,Adult2
0.9106703538759566,7059,7495,23527.04799999995,24983.492000000086,1456.444000000134,13.621101379394474,71.80940330028534,0.0,0.0,0.6163864756780799,0.526862910051867,1.0826528123638373,2.7574542538171936,Adult2
0.9106703538759566,7499,7592,24993.55799999996,25306.77000000002,313.21200000005774,68.02259445190435,86.07505917549133,0.0,0.0,0.5660825632547726,0.48432409277019406,1.0594125566985189,2.2755079727831333,Adult2
0.9106703538759566,7599,7667,25326.816000000108,25556.716999999946,229.90099999983795,-19.539041519165096,120.06732702255249,0.0,0.0,0.5866559687385048,0.6372944679786081,1.3739582723422692,2.6664726090526263,Adult2
0.9106703538759566,7677,7754,25586.72399999993,25846.74500000011,260.02100000018254,513.7780380249023,27.698952555656433,0.0,0.0,0.6684050597454516,0.9773071721441586,1.9456470342873857,2.3465685209295732,Adult2
0.9106703538759566,7761,7807,25866.706999999937,26023.368000000017,156.6610000000801,775.9226989746094,-30.91253399848938,0.0,0.0,0.6191705056222652,1.0144329327979678,1.3117219614240272,1.8622872751228554,Adult2
0.9106703538759566,7814,8402,26043.375,28006.419999999925,1963.0449999999255,685.6647491455078,-1.7311996221542358,0.0,0.0,0.6161657351757428,0.8830969727930821,1.8642051878850643,2.7385507791470136,Adult2
0.9106703538759566,8409,8541,28026.470999999903,28469.810000000056,443.33900000015274,583.626880645752,31.40815794467926,0.0,0.0,0.600139279582088,0.45156162065507705,0.655300064352102,2.690487509264752,Adult2
0.9106703538759566,8615,8633,28713.037999999942,28776.412999999942,63.375,622.2049713134766,24.89001989364624,1.0,0.0,2.3256626984933018,10.954513988870636,3.8903714647885117,6.836165378623417,Adult2
0.9106703538759566,8635,8673,28779.772000000114,28909.684000000125,129.91200000001118,465.34074783325195,70.25152802467346,0.0,0.0,0.6444333942298961,0.44327003457976477,0.5920535691432467,2.1722193450664045,Adult2
0.9106703538759566,8680,8845,28929.71399999992,29483.016999999993,553.3030000000726,561.4510917663574,40.1987761259079,0.0,0.0,0.47792706132756807,0.4172200020464567,0.7864983340797684,2.6291255827138715,Adult2
0.9106703538759566,8848,8923,29489.62400000007,29742.919999999925,253.29599999985658,622.5135326385498,42.947713136672974,0.0,0.0,0.48598774662363686,0.45635206221088703,0.8410817134462908,1.8839265959391265,Adult2
0.9106703538759566,8929,9010,29759.612999999896,30032.84300000011,273.2300000002142,550.2753067016602,46.26466155052185,0.0,0.0,0.4526616620659417,0.4815447776089186,0.6065638536193972,2.200818056780209,Adult2
0.9106703538759566,9100,10020,30329.486999999965,33399.11800000002,3069.631000000052,-7.135648727416992,76.8710857629776,1.0,0.0054288816503800215,0.6000836498563776,1.058568022189973,1.425257717072469,2.9895593041769666,Adult2
0.9106703538759566,10028,10133,33422.523000000045,33775.70999999996,353.18699999991804,-99.99784469604492,119.7133880853653,0.0,0.0,0.5512083707822748,0.5566381584522001,0.972881681295437,2.2121059135391183,Adult2
0.9106703538759566,10154,10274,33842.44100000011,34245.6939999999,403.25299999979325,-823.2583737373352,43.10459017753601,0.0,0.0,0.6598013848482098,0.9353516097368136,1.709448848887084,2.8085324073493805,Adult2
0.9106703538759566,10288,10337,34289.034999999916,34455.66800000006,166.63300000014715,-119.03676509857178,94.89520847797394,0.0,0.0,0.5562557819284901,0.6724337355167158,1.1025222214419461,2.047954392651008,Adult2
0.9106703538759566,10348,10448,34489.03700000001,34825.64999999991,336.6129999998957,-578.9298820495605,36.01523816585541,0.0,0.0,0.6165809643667495,0.6833329044566587,1.4477117538590532,3.3914598038043033,Adult2
0.9106703538759566,10458,10512,34855.659999999916,35038.976000000024,183.31600000010803,-17.62816429138178,95.84250569343567,0.0,0.0,0.7002658901842294,1.7115272412150913,2.5780578335450337,3.5574058893397207,Adult2
0.9106703538759566,10524,10678,35075.598,35592.18299999996,516.5849999999627,-655.6448650360107,23.810452222824097,0.0,0.0,0.4725383841243024,0.5334016550628465,1.3457386304449954,2.8890960252018987,Adult2
0.9106703538759566,10685,11044,35612.21100000013,36812.091999999946,1199.8809999998193,-554.3736505508423,85.72505503892899,0.0,0.0,0.5104025141217929,1.6482075192511827,2.133466434352982,3.1283044979470342,Adult2
0.9106703538759566,11058,11309,36855.429999999935,37695.29300000006,839.8630000001285,-549.7561025619507,87.97021687030792,0.0,0.0,0.5421790808020461,0.42956908343031586,0.8745608654787449,2.487500135248558,Adult2
0.9106703538759566,11397,11492,37985.226999999955,38305.148000000045,319.9210000000894,-514.930214881897,77.11148679256439,0.0,0.0,0.8155669005143232,2.1088149791687583,2.267641104121555,3.5898543408470003,Adult2
0.9106703538759566,11495,11521,38311.935000000056,38401.89500000002,89.95999999996275,-666.0459136962891,62.956262826919556,0.0,0.0,0.5164641823528365,1.0625841273350396,1.4842047449266365,2.181657732224424,Adult2
0.9106703538759566,11537,11640,38451.83899999992,38798.439999999944,346.6010000000242,93.45903396606445,100.4671436548233,0.0,0.0,0.49912310957052863,0.6620345041087266,1.3671236502357582,2.252967985091277,Adult2
0.9106703538759566,11647,11742,38818.46800000011,39138.41800000006,319.94999999995343,-13.703055381774902,112.118901014328,0.0,0.0,0.5714856750481636,0.5163923787556003,1.1699358104187694,2.1596886056253193,Adult2
0.9106703538759566,11744,11846,39141.75500000012,39485.09499999997,343.339999999851,31.79300308227539,74.99989092350006,0.0,0.0,0.6301935970191992,0.6805372952176367,0.9495932897804005,2.789474371474247,Adult2
0.9106703538759566,11851,12062,39498.41800000006,40205.013000000035,706.5949999999721,-16.035118103027372,87.77807146310806,0.0,0.0,0.6940130599515345,0.5043318965596715,1.0120248183113898,2.8955356993470067,Adult2
0.9106703538759566,12066,12358,40214.9850000001,41191.466000000015,976.4809999999125,23.187789916992188,60.48295497894287,0.0,0.0,0.6044122361541421,1.4470553560507629,1.8435141265944037,2.7332298874465275,Adult2
0.9106703538759566,12364,12419,41208.14599999995,41394.82400000002,186.67800000007264,95.89284896850586,82.58184939622879,0.0,0.0,0.6611161906548512,0.5252587954673867,0.7566728267516165,1.9484888043736144,Adult2
0.9106703538759566,12426,12527,41414.79099999997,41754.753000000026,339.96200000005774,-15.895113945007353,95.37180215120316,0.0,0.0,0.5140333265350583,0.515956856195014,0.848697874557255,2.2570174134488177,Adult2
0.9106703538759566,12534,12633,41774.78200000012,42108.054999999935,333.2729999998119,100.27999877929688,108.2596904039383,0.0,0.0,0.5639771424754885,0.4651905293921876,1.050883151549849,2.8608271192709287,Adult2
0.9106703538759566,12639,12803,42124.706000000006,42674.66200000001,549.9560000000056,28.60187530517578,86.36077880859375,0.0,0.0,0.647536477582011,0.8141066350439312,0.9709696183760765,3.333867515984477,Adult2
0.9106703538759566,12812,12867,42701.31799999997,42887.9850000001,186.66700000013225,172.10031509399408,94.80135262012482,0.0,0.0,0.5878507982872605,1.0408135727182752,0.9608757981115621,2.8513635360040728,Adult2
0.9106703538759566,12876,12927,42914.637000000104,43087.97900000005,173.34199999994598,644.9149703979492,4.816107451915741,0.0,0.0,0.7682960711400577,1.690215864659823,2.557491123199481,2.2726912734519686,Adult2
0.9106703538759566,12934,13068,43107.9169999999,43557.86100000003,449.9440000001341,479.3613624572755,52.868367433547974,0.0,0.0,0.6451436488231551,0.8406765723761024,0.8078465834297742,3.1765336108740274,Adult2
0.9106703538759566,13078,13135,43587.87899999996,43781.159999999916,193.28099999995902,625.6099605560303,30.96561759710312,0.0,0.0,0.5356508306943247,0.401922035730259,0.8181035307405531,1.6776407880332596,Adult2
0.9106703538759566,13140,13228,43794.48600000003,44091.125,296.6389999999665,565.5510520935057,34.23582315444946,0.0,0.0,0.47124408891847774,0.4709516153187866,0.8526637337312557,2.212861420742898,Adult2
0.9106703538759566,13233,13294,44104.46399999992,44311.152,206.68800000008196,617.2259616851807,22.147238552570343,0.0,0.0,0.424393377067052,0.45318742171764614,1.1375704684645134,1.5328244602174885,Adult2
0.9106703538759566,13300,13449,44327.84499999997,44827.72900000005,499.88400000007823,573.5715579986572,57.372965812683105,0.0,0.0,0.4745121976968109,0.4840849195608148,1.060769720239185,2.8109440886325263,Adult2
0.9106703538759566,13466,13685,44881.03700000001,45614.2919999999,733.2549999998882,41.28662109375,116.7668741941452,0.0,0.0,0.6565308437262181,0.6066679617119491,1.5118226887024317,2.95734852342767,Adult2
0.9106703538759566,13695,13865,45644.304000000004,46214.17800000007,569.8740000000689,-275.20402908325195,7.308976650238037,0.0,0.0,0.6827737884784082,0.4859124786120888,1.0102631799224013,2.8777476225695153,Adult2
0.9106703538759566,13873,13888,46237.56799999997,46290.88400000008,53.31600000010803,-85.46786785125732,53.06728810071945,0.0,0.0,1.2677227478171682,3.0085015388521636,2.7592023957830403,2.4854295415880254,Adult2
0.9106703538759566,13971,14011,46564.23099999991,46700.840000000084,136.60900000017136,-297.0530319213867,10.796481370925903,1.0,0.0,0.8275064943028634,0.8622390416569379,0.6895045968976675,3.5331424125911584,Adult2
0.9106703538759566,14019,14131,46724.14400000009,47100.75900000008,376.6149999999907,16.617794036865234,34.27105128765106,0.0,0.0,0.8471617395580504,0.7763237916391806,1.0954696509047668,4.078980008654259,Adult2
0.9106703538759566,14133,14299,47104.09499999997,47660.75699999998,556.6620000000112,-8.30343246459961,80.8600401878357,0.0,0.0,0.7013367073262251,0.5472981333162709,1.0576743176809185,2.792031588490524,Adult2
0.9106703538759566,14365,14580,47877.320000000065,48597.26099999994,719.9409999998752,-21.433939933776827,102.12103128433228,0.0,0.0,0.6034854940875494,0.49757937804373215,0.6830818037276328,2.5757865484902345,Adult2
0.9106703538759566,14592,14898,48633.89400000009,49657.16599999997,1023.2719999998808,-690.900092124939,16.886104345321655,0.0,0.0,0.6988667749817631,0.9798650072436693,2.3696237544225363,2.9056780733071546,Adult2
0.9106703538759566,14902,14998,49667.132999999914,49990.41800000006,323.285000000149,-759.3997406959534,-23.800554871559143,0.0,0.0,0.5904062534927782,0.5539620895148207,1.4116934357539686,2.1275906432737997,Adult2
0.9106703538759566,15005,15310,50010.4580000001,51030.28600000008,1019.8279999999795,-606.5892934799194,-16.891278326511383,0.0,0.0,0.7814816961500243,0.792938390704853,0.9598652795442175,3.8644513125454827,Adult2
0.9106703538759566,15317,15418,51050.32799999998,51390.30199999991,339.9739999999292,-714.0557742118835,-56.81723356246948,0.0,0.0,0.5761143855354012,0.37891242111040574,0.9005946718113863,2.138202341768699,Adult2
0.9106703538759566,15425,15756,51410.236999999965,52516.7350000001,1106.4980000001378,-601.8725895881653,-32.6671653985977,0.0,0.0,0.7026554461183779,0.8547565890607006,1.2672334051522136,3.8591935991477513,Adult2
0.9106703538759566,15768,15826,52553.455000000075,52750.0959999999,196.64099999982864,-419.85669136047363,-83.46534490585327,0.0,0.0,0.6724405136675421,0.5691022487893609,0.7319263201222046,2.6682468663883316,Adult2
0.9106703538759566,15833,15995,52770.04000000004,53313.36599999992,543.3259999998845,-610.9606504440308,-1.2368148565292358,0.0,0.0,0.38709437966387317,0.47464867042436604,0.887919566605738,2.388754704410307,Adult2
0.9106703538759566,16076,16178,53579.99300000002,53923.237999999896,343.2449999998789,-407.3701000213623,-70.46370148658752,0.0,0.0,0.4454906469446319,0.3263462313252796,0.6365150489995883,2.0031963257622856,Adult2
0.9106703538759566,16184,16274,53939.91100000008,54243.24300000002,303.33199999993667,-402.5468444824219,15.547499656677246,0.0,0.0,0.6783019794690408,0.6072916764630373,1.1874458943072173,2.499912791433304,Adult2
0.9106703538759566,16286,16341,54279.875,54466.54799999995,186.67299999995157,106.83920860290527,16.386231780052185,0.0,0.0,1.018579876233699,1.188040963100949,1.621571088952911,3.7097332900181548,Adult2
0.9106703538759566,16348,16703,54486.49300000002,55673.04000000004,1186.5470000000205,18.59516143798831,72.51711219549179,0.0,0.0,0.7617097204664758,0.8762434210277826,1.7791437930053202,4.011894804784153,Adult2
0.9106703538759566,16706,16766,55679.753000000026,55883.002000000095,203.24900000006892,-22.785930633544922,100.53267538547516,0.0,0.0,0.6103454127631601,0.44267531910303426,1.0347141859188211,2.2680991886011217,Adult2
0.9106703538759566,16777,16801,55916.37100000004,55999.685000000056,83.31400000001304,-403.947229385376,82.91025638580322,0.0,0.0,0.430119649531882,0.6225344718860094,1.1017807956455927,1.6623369723748167,Adult2
0.9106703538759566,16807,16911,56016.371999999974,56366.31199999992,349.9399999999441,-623.207573890686,67.64506459236145,0.0,0.0,0.3997804760700486,0.3846839275801946,1.423615749754302,1.594574482056723,Adult2
0.9106703538759566,16918,17045,56386.27799999993,56812.89100000006,426.6130000001285,-731.4507758617401,64.69616889953613,0.0,0.0,0.4412170903365582,0.2931182004477836,0.6433356314832649,1.763381642159762,Adult2
0.9106703538759566,17048,17101,56819.61400000006,56999.570000000065,179.9560000000056,-698.708438873291,56.5365269780159,0.0,0.0,0.5682758603765843,0.4405525114124686,0.6051172710523463,2.2304761332491387,Adult2
0.9106703538759566,17104,17136,57006.179999999935,57116.25399999996,110.07400000002235,-640.9750270843506,76.21861696243286,0.0,0.0,0.5931938511639158,0.3812621626566106,0.6654657541144567,1.2825710663299896,Adult2
0.9106703538759566,17143,17271,57136.189999999944,57566.19999999995,430.0100000000093,-753.1304740905762,40.05115270614624,0.0,0.0,0.5387874901105796,0.4143332607159434,0.6483735161436986,2.0152660140177896,Adult2
0.9106703538759566,17278,17525,57586.13100000005,58412.66599999997,826.5349999999162,-621.4962816238403,54.83390897512436,0.0,0.0,0.44881558999113996,0.3508582524326498,0.7704908241113397,2.0541808400243178,Adult2
0.9106703538759566,17532,17778,58432.71200000006,59255.908000000054,823.1959999999963,-698.4830188751221,49.46792721748352,0.0,0.0,0.5148474844269636,0.362741304699601,0.7347349132425659,2.055032242866208,Adult2
0.9106703538759566,17786,18081,59279.289000000106,60265.84400000004,986.5549999999348,-566.7352652549744,86.83263301849365,0.0,0.0,0.4940457525122847,0.3593391519434746,0.8363299696702955,2.285844770448783,Adult2
0.9106703538759566,18088,18127,60285.79600000009,60419.15299999993,133.35699999984354,-376.7146396636963,90.05404382944107,0.0,0.0,0.6012392075337626,0.6582614267548829,1.1603982266398871,1.9020519997259708,Adult2
0.9106703538759566,18134,18260,60439.091999999946,60862.39999999991,423.3079999999609,-517.1922969818115,75.62805891036987,0.0,0.0,0.522531072278836,0.8310056386656247,1.6559280516892507,2.962040264529888,Adult2
0.9106703538759566,18262,18351,60865.736999999965,61165.73399999994,299.9969999999739,-556.7792773246765,51.855449974536896,0.0,0.0,0.5223258768564566,0.3423989743018681,0.6476344302844843,1.774563449624761,Adult2
0.9106703538759566,18360,18601,61192.37100000004,61998.87899999996,806.5079999999143,-356.2903690338135,47.715516686439514,0.0,0.0,0.49640402640927495,0.4351451804980235,1.2662643368999014,2.631993050324035,Adult2
0.9106703538759566,18608,18657,62018.91599999997,62185.56400000001,166.6480000000447,-202.00135231018066,43.49099725484848,0.0,0.0,0.5260337076762756,0.5917326237273257,1.2079698172307995,1.7613715943727026,Adult2
0.9106703538759566,18664,18818,62205.5959999999,62722.1669999999,516.5709999999963,-11.513557434082031,55.04251778125763,0.0,0.0,0.6491897295362179,0.4291404789297708,0.7574603827372846,2.6944128373847382,Adult2
0.9106703538759566,18826,18885,62745.48200000008,62945.456000000006,199.97399999992922,50.64047813415522,68.38720500469208,0.0,0.0,0.43065327403690207,0.3487963031221576,0.8519991915837617,1.4190929855411996,Adult2
0.9106703538759566,18892,19127,62965.496999999974,63752.0560000001,786.5590000001248,0.9555816650390909,91.79942160844803,0.0,0.0,0.4604962488294814,0.3068443195562086,0.8088841784125893,2.03668759532635,Adult2
0.9106703538759566,19134,19315,63772.007999999914,64378.611999999965,606.6040000000503,69.257926940918,69.37225699424744,0.0,0.0,0.49725807248008574,0.44894334715771705,0.8046468865304542,1.9988693641462139,Adult2
0.9106703538759566,19321,19391,64395.29799999995,64631.89500000002,236.59700000006706,114.78973388671875,62.20280885696411,0.0,0.0,0.4274747700907783,0.31978448123293857,0.5574412189820107,1.8836035592601585,Adult2
0.9106703538759566,19398,19648,64651.934000000125,65488.44200000004,836.5079999999143,81.88631057739258,78.87862265110016,0.0,0.0,0.5184296416381275,0.8251592646887825,1.0838053985432,2.2082644470948134,Adult2
0.9106703538759566,19652,19745,65498.52200000011,65811.84700000007,313.32499999995343,39.1856575012207,97.10375815629959,0.0,0.0,0.5390610539691187,0.36603250820602523,0.7514380530947689,1.7308199961933792,Adult2
0.9106703538759566,19752,19824,65831.78099999996,66075.12800000003,243.34700000006706,129.4603157043457,66.30570352077484,0.0,0.0,0.5362068566259471,0.39494542296167556,0.723685061518374,2.4040664173565944,Adult2
0.9106703538759566,19834,19981,66105.1270000001,66598.40700000012,493.28000000002794,613.2452201843262,-27.422261238098145,0.0,0.0,0.6000266627424059,0.7688883830008492,1.3315271893691758,2.9753919458454643,Adult2
0.9106703538759566,19983,20105,66601.67100000009,67011.63899999997,409.96799999987707,613.2636451721191,20.224167108535767,0.0,0.0,0.511143083877725,0.4071389389390434,0.7324912478029247,1.9232738924704664,Adult2
0.9106703538759566,20110,20168,67024.956,67221.59300000011,196.6370000001043,563.8579559326171,43.72603118419647,0.0,0.0,0.46163573082837156,0.5120136959883976,0.9238860718170289,2.378571339765634,Adult2
0.9106703538759566,20216,20238,67378.22999999998,67454.94900000002,76.71900000004098,776.5040588378906,203.03281545639038,0.0,0.0,1.5208269346747465,5.340049359082597,2.464777465321487,6.34793624101716,Adult2
0.9106703538759566,20251,20785,67494.9310000001,69278.0290000001,1783.0979999999981,555.029354095459,63.300079107284546,0.0,0.0,0.5234819860784801,0.648837026088895,1.00061060494697,2.8181042962781024,Adult2
0.9106703538759566,20798,21011,69317.98600000003,70031.31499999994,713.3289999999106,-103.48536014556885,47.23361223936081,0.0,0.0,0.9306528206200151,1.6641774342704339,2.5644928836730676,5.378172609528726,Adult2
0.9106703538759566,21016,21566,70044.6399999999,71881.02200000011,1836.382000000216,-3.926954269409123,39.20015752315521,0.0,0.0,0.773237214696931,1.372611027038709,1.3790479698965008,4.453369365922362,Adult2
0.9106703538759566,21579,21636,71921.02300000004,72114.39800000004,193.375,-346.0149621963501,88.11125010251999,0.0,0.0,0.47648622643521366,0.4174832585156696,0.5810438306271506,2.176222141819531,Adult2
0.9106703538759566,21644,21812,72137.68400000012,72700.95200000005,563.2679999999236,-700.886378288269,11.725351810455322,0.0,0.0,0.5557165643488121,0.4793776221731832,1.42141102755419,2.4662883961598623,Adult2
0.9106703538759566,21819,21983,72720.87899999996,73270.84400000004,549.9650000000838,-623.439302444458,54.997440576553345,0.0,0.0,0.5747227051044564,0.4039944178676562,1.018610738527693,2.0215744427601505,Adult2
0.9106703538759566,21985,22115,73274.18599999999,73710.80300000007,436.6170000000857,-626.8274116516113,23.233734369277954,0.0,0.0,0.6529493938987327,0.4259996698624033,0.6565064690856635,2.574412420405311,Adult2
0.9106703538759566,22122,22204,73730.848,74007.44100000011,276.5930000001099,-777.6327323913574,-13.711307644844027,0.0,0.0,0.6052828259425208,0.36231254953395126,0.8860182005418705,1.7242889391460718,Adult2
0.9106703538759566,22212,22272,74030.75500000012,74234.08799999999,203.33299999986775,-645.4532861709595,35.15696883201599,0.0,0.0,0.48710029063550264,0.4046077434766374,0.7507049842167693,1.7463776532468205,Adult2
0.9106703538759566,22359,22474,74520.76300000004,74907.32199999993,386.55899999989197,-650.989408493042,47.95355200767517,0.0,0.0,0.5858930155771611,0.48079404074458953,0.706332756248444,2.64371488185306,Adult2
0.9106703538759566,22481,22816,74927.36800000002,76047.18299999996,1119.8149999999441,-539.3076324462891,55.47092825174332,0.0,0.0,0.5460433864811803,0.6399983170479101,1.6967850255212134,3.54354915766343,Adult2
0.9106703538759566,22819,23228,76053.89700000011,77420.3189999999,1366.4219999997877,-525.8839273452759,86.17626965045929,0.0,0.0,0.6474786794970762,0.725711350162963,1.037336252621527,3.8849417660110577,Adult2
0.9106703538759566,23230,23291,77423.65500000003,77630.37400000007,206.71900000004098,-522.7410650253296,39.97170031070709,0.0,0.0,0.7537628228896576,0.6371299462402956,0.6082763533284679,3.1015586403860533,Adult2
0.9106703538759566,23293,23425,77633.63199999998,78076.95699999994,443.32499999995343,-517.3464632034302,-51.81245684623718,0.0,0.0,0.619746487431551,0.44734012836684167,0.6043599671111205,2.9708419798631187,Adult2
0.9106703538759566,23427,23534,78080.31600000011,78440.22699999996,359.91099999984726,-514.0609645843506,-15.67898154258728,0.0,0.0,0.7324886536280105,0.9481820999286973,0.7233885580551794,4.708606700562322,Adult2
0.9106703538759566,23549,23695,78486.91999999993,78976.84000000008,489.9200000001583,-59.07863616943365,24.514194130897522,0.0,0.0,0.7536956795265645,1.0921100994971857,1.3878508134137062,4.816075249916686,Adult2
0.9106703538759566,23698,23754,78983.46399999992,79173.47399999993,190.0100000000093,-50.762042999267635,93.47130954265594,0.0,0.0,0.7129361473354491,0.454578538063297,0.6634570852189259,2.9727749350783643,Adult2
0.9106703538759566,23756,24367,79176.84300000011,81216.58199999994,2039.7389999998268,-54.38977718353266,61.43778383731842,0.0,0.0,0.8354374505284744,0.7799602704290024,1.025888611583692,4.872245649863198,Adult2
0.9106703538759566,24373,24415,81233.17999999993,81376.50900000008,143.32900000014342,36.679000854492074,14.606527090072632,0.0,0.0,0.8434091252989606,1.232274219996744,1.3133652658491264,3.038741732565174,Adult2
0.9106703538759566,24420,24467,81389.83700000006,81549.83799999999,160.00099999993108,-97.21505641937256,41.484273076057434,0.0,0.0,0.749733159982464,0.8814920334818537,0.9853475292655048,3.3083859766012496,Adult2
0.9106703538759566,24471,24524,81559.82199999993,81739.76000000001,179.93800000008196,-18.27396869659424,95.25041073560715,0.0,0.0,0.781952563291168,0.798450045913424,0.934493341145201,2.363586048050248,Adult2
0.9106703538759566,24530,24640,81756.46200000006,82126.429,369.966999999946,-132.61419296264648,91.70518755912781,0.0,0.0,0.6109890293223718,1.8887307842053198,1.645434436450691,3.8319596139857217,Adult2
0.9106703538759566,24647,24692,82146.4750000001,82299.7790000001,153.30400000000373,0.6466913223267454,78.32898169755936,0.0,0.0,0.6732924110556116,0.4296014972283566,0.7342495434245717,2.000622185986342,Adult2
0.9106703538759566,24700,24772,82323.07000000007,82566.4040000001,243.33400000003166,-120.96024513244629,40.66995441913605,0.0,0.0,0.5110262872915313,0.5113038745679015,0.9763113605878562,2.1081674518511946,Adult2
0.9106703538759566,24778,24844,82583.08199999994,82806.37800000003,223.2960000000894,-47.87077903747553,43.05647134780884,0.0,0.0,0.6936584505752103,0.46230330036589096,0.780200560408306,1.8063222046602978,Adult2
0.9106703538759566,24850,24880,82822.95900000003,82926.32000000007,103.36100000003353,-131.73831939697266,27.910369634628296,0.0,0.0,0.5157728708371008,0.7012844258999615,1.0563652899899731,1.925582532950309,Adult2
0.9106703538759566,24955,25212,83173.00900000008,84032.82400000002,859.8149999999441,-83.44226360321045,40.070874989032745,1.0,0.0,0.7043697686433685,0.6085173549663011,1.132696045127085,3.573479502532328,Adult2
0.9106703538759566,25220,25296,84056.20900000003,84312.85700000008,256.6480000000447,51.59322738647455,15.682538151741028,0.0,0.0,0.7659066635633478,0.6408800472867385,0.9175923094663802,2.683677038652285,Adult2
0.9106703538759566,25303,25363,84332.79700000002,84536.1540000001,203.35700000007637,286.6033172607422,18.146769404411316,0.0,0.0,0.45516639639571965,0.4913349214236667,1.2608878299077697,1.5713290033174347,Adult2
0.9106703538759566,25370,25507,84556.11400000006,85016.11100000003,459.9969999999739,347.0186233520508,92.08220422267914,0.0,0.0,0.39858536080215784,0.18815161537254763,0.5447440515119056,1.473506803034325,Adult2
0.9106703538759566,25598,25664,85316.0149999999,85539.2890000001,223.27400000020862,341.43550872802734,91.93639934062958,0.0,0.0,0.41091729196796456,0.3458475433930419,0.3853141059245385,2.160656587478245,Adult2
0.9106703538759566,25670,25723,85555.9709999999,85735.94900000002,179.9780000001192,446.87510490417486,16.778472661972046,0.0,0.0,0.7030624942092611,1.093179144862955,0.9983896703252542,3.2464678553493274,Adult2
0.9106703538759566,25729,25802,85752.63199999998,85999.31400000001,246.6820000000298,573.1006908416748,47.791428565979004,0.0,0.0,0.5228432933035834,0.6246915514089201,0.9259866668144521,2.7364937236942146,Adult2
0.9106703538759566,25805,25892,86005.93800000008,86299.20200000005,293.2639999999665,571.8564319610596,17.016773521900177,0.0,0.0,0.6075385569350045,0.4214465825176955,0.573569402851469,2.9985877844897293,Adult2
0.9106703538759566,25912,26059,86362.5830000001,86855.85100000002,493.26799999992363,-585.0373005867004,-55.40212154388426,0.0,0.0,0.6681463667841913,0.8493745773750688,1.1666779493677026,2.8454405701207834,Adult2
0.9106703538759566,26067,26159,86879.14599999995,87189.11100000003,309.9650000000838,-666.0107088088989,-36.09256625175476,0.0,0.0,0.3781392960201011,0.2630908120783483,0.7203954441775652,1.6561090207562033,Adult2
0.9106703538759566,26163,26254,87199.1939999999,87505.79900000012,306.6050000002142,-652.8655242919922,19.870823621749878,0.0,0.0,0.43086540233522774,0.31854387134384055,0.717710533448841,1.6979699111900137,Adult2
0.9106703538759566,26276,26365,87575.79099999997,87875.67400000012,299.88300000014715,508.1824207305908,-23.71724009513855,0.0,0.0,0.5911494847471097,1.546922486416529,2.2301633337951543,3.133700977974031,Adult2
0.9106703538759566,26374,26471,87902.44100000011,88228.98900000006,326.54799999995157,650.7620429992676,-21.87865018844603,0.0,0.0,0.5957030031244779,0.5176546882325945,0.6598850040377571,2.5006664183304537,Adult2
0.9106703538759566,26476,26693,88242.32400000002,88968.956,726.6319999999832,580.0383567810059,-6.450473964214325,0.0,0.0,0.5146963726003705,0.8974075327114377,1.145827103798118,2.9165661768766076,Adult2
0.9106703538759566,26701,26792,88992.24500000011,89298.86700000009,306.6219999999739,423.5577678680419,1.28088623285295,0.0,0.0,0.5392887987373646,1.7326075967295567,2.1361098947666686,2.950710288902474,Adult2
0.9106703538759566,26809,26865,89352.17599999998,89542.18599999999,190.0100000000093,-461.63509368896484,58.19834053516388,0.0,0.0,0.41998162284155227,0.5711536630274486,1.5712122989526232,1.4258884137006311,Adult2
0.9106703538759566,26867,26921,89545.54600000009,89728.8629999999,183.31699999980628,-473.6132526397705,16.954516768455505,0.0,0.0,0.34433968089372863,0.20450823515068883,0.43480210503235533,1.5396142474570311,Adult2
0.9106703538759566,26929,27035,89752.15500000003,90108.81199999992,356.6569999998901,-557.907886505127,33.06865990161896,0.0,0.0,0.4254454317668277,0.2629605062410433,0.800151533009551,1.5244251305029948,Adult2
0.9106703538759566,27047,27239,90145.43299999996,90788.66299999994,643.2299999999814,40.0300025939942,5.068650841712952,0.0,0.0,0.7026891242796628,1.0373497511543412,1.8142863060669243,3.8673074983158693,Adult2
0.9106703538759566,27250,27283,90822.02200000011,90935.348,113.32599999988452,664.6129703521729,-26.299442946910858,0.0,0.0,0.45329352739838813,0.8212696395075711,1.9757372887889901,1.5097482090748657,Adult2
0.9106703538759566,27288,27400,90948.67299999995,91325.26600000006,376.5930000001099,556.4029312133789,38.13262760639191,0.0,0.0,0.4905162463621212,0.4270635281891827,1.155241673738829,1.711450581540381,Adult2
0.9106703538759566,27408,27714,91348.57000000007,92371.8500000001,1023.2800000000279,640.2731895446777,15.72243332862854,0.0,0.0,0.5391121260179951,1.6151017089150341,2.47657342271631,2.2837478524954355,Adult2
0.9106703538759566,27787,27806,92611.82499999995,92678.45500000007,66.63000000012107,-434.69919204711914,17.000527381896973,1.0,0.25,1.1286845461619992,1.968332258861056,1.5294150046674855,5.428155672479826,Adult2
0.9106703538759566,27810,28013,92688.50399999996,93368.37100000004,679.8670000000857,-579.9290728569031,57.627158761024475,0.0,0.0,0.500289543739616,0.6582549009357547,1.1454029066224767,2.7680877638689965,Adult2
0.9106703538759566,28020,28115,93388.41599999997,93708.34199999995,319.92599999997765,-502.1973180770874,29.79394018650055,0.0,0.0,0.4072977620311265,0.40582946291226646,0.8764966620462303,1.8944690991500563,Adult2
0.9106703538759566,28122,28254,93728.29499999993,94171.61100000003,443.31600000010803,-574.6937656402588,40.334957242012024,0.0,0.0,0.4611777289387953,0.3120631204344441,0.709724996546638,1.8073717918209493,Adult2
0.9106703538759566,28258,28327,94181.58199999994,94414.94699999993,233.3649999999907,-627.2749400138855,38.36492568254471,0.0,0.0,0.4640682348789231,0.31132279691694154,0.7872828815748276,1.6703952144666983,Adult2
0.9106703538759566,28350,28546,94488.21100000013,95144.8459999999,656.6349999997765,604.6416091918945,-32.45513677597046,0.0,0.0,0.5057770577541342,0.546099884524398,1.0866454136765715,1.8575857564261649,Adult2
